USE VesuviusDB;

-- 2. Resevators
INSERT INTO Resevators (FirstName, LastName, Email, TelfNumber) VALUES
('John', 'Doe', 'john.doe@example.com', 123456789),
('Jane', 'Smith', 'jane.smith@example.com', 987654321),
('Alice', 'Johnson', 'alice.j@example.com', 555123456),
('Bob', 'Brown', 'bob.brown@example.com', 444987654),
('Chris', 'Davis', 'chris.d@example.com', 333222111),
('Eva', 'Martinez', 'eva.m@example.com', 666777888),
('Frank', 'Wilson', 'frank.w@example.com', 111222333),
('Grace', 'Taylor', 'grace.t@example.com', 777888999),
('Henry', 'Anderson', 'henry.a@example.com', 888999000),
('Ivy', 'Thomas', 'ivy.t@example.com', 222333444),
('Jack', 'Moore', 'jack.m@example.com', 999888777),
('Karen', 'Lee', 'karen.l@example.com', 555444333),
('Leo', 'Harris', 'leo.h@example.com', 444555666),
('Mia', 'Clark', 'mia.c@example.com', 333444555),
('Noah', 'Lewis', 'noah.l@example.com', 222111000),
('Olivia', 'Walker', 'olivia.w@example.com', 111000999),
('Paul', 'Hall', 'paul.h@example.com', 666555444),
('Quinn', 'Allen', 'quinn.a@example.com', 777666555),
('Ryan', 'Young', 'ryan.y@example.com', 888777666),
('Sophie', 'King', 'sophie.k@example.com', 999000111);

-- 3. Reservations (40 random entries)
INSERT INTO Reservations (Resevator, Guests, ReservationDate, ReservationTime) VALUES
(1, 2, '2025-08-15', 1),
(2, 4, '2025-08-15', 2),
(3, 3, '2025-08-15', 3),
(4, 5, '2025-08-15', 4),
(5, 2, '2025-08-16', 1),
(6, 6, '2025-08-16', 2),
(7, 4, '2025-08-16', 3),
(8, 2, '2025-08-16', 4),
(9, 3, '2025-08-17', 5),
(10, 2, '2025-08-17', 6),
(11, 4, '2025-08-17', 7),
(12, 3, '2025-08-17', 8),
(13, 5, '2025-08-18', 1),
(14, 2, '2025-08-18', 2),
(15, 4, '2025-08-18', 3),
(16, 3, '2025-08-18', 4),
(17, 2, '2025-08-19', 5),
(18, 6, '2025-08-19', 6),
(19, 4, '2025-08-19', 7),
(20, 3, '2025-08-19', 8),
(1, 5, '2025-08-20', 1),
(2, 2, '2025-08-20', 2),
(3, 4, '2025-08-20', 3),
(4, 3, '2025-08-20', 4),
(5, 2, '2025-08-21', 5),
(6, 6, '2025-08-21', 6),
(7, 4, '2025-08-21', 7),
(8, 2, '2025-08-21', 8),
(9, 3, '2025-08-22', 1),
(10, 2, '2025-08-22', 2),
(11, 4, '2025-08-22', 3),
(12, 3, '2025-08-22', 4),
(13, 5, '2025-08-23', 5),
(14, 2, '2025-08-23', 6),
(15, 4, '2025-08-23', 7),
(16, 3, '2025-08-23', 8),
(17, 2, '2025-08-24', 1),
(18, 6, '2025-08-24', 2),
(19, 4, '2025-08-24', 3),
(20, 3, '2025-08-24', 4);

-- 4. Diningtables (20 tables)
INSERT INTO Diningtables VALUES
(),(),(),(),(),(),(),(),(),(),
(),(),(),(),(),(),(),(),(),();

-- 5. ReservedTables (random assignment)
INSERT INTO ReservedTables (Diningtable, Reservation) VALUES
(1, 1),(2, 1),
(3, 2),(4, 2),
(5, 3),(6, 3),
(7, 4),(8, 4),
(9, 5),(10, 5),
(11, 6),(12, 6),
(13, 7),(14, 7),
(15, 8),(16, 8),
(17, 9),(18, 9),
(19, 10),(20, 10),
(1, 11),(2, 11),
(3, 12),(4, 12);

-- 6. Orders (1 per reservation)
INSERT INTO Orders (Reservation, State) VALUES
(1, 'Ordered'),
(2, 'DishFinished'),
(3, 'Ordered'),
(4, 'OrderComplete'),
(5, 'Complication'),
(6, 'Ordered'),
(7, 'DishFinished'),
(8, 'Ordered'),
(9, 'Ordered'),
(10, 'DishFinished'),
(11, 'OrderComplete'),
(12, 'Complication'),
(13, 'Ordered'),
(14, 'DishFinished'),
(15, 'Ordered'),
(16, 'Complication'),
(17, 'Ordered'),
(18, 'DishFinished'),
(19, 'OrderComplete'),
(20, 'Complication'),
(21, 'Ordered'),
(22, 'DishFinished'),
(23, 'OrderComplete'),
(24, 'Complication'),
(25, 'Ordered'),
(26, 'DishFinished'),
(27, 'OrderComplete'),
(28, 'Complication'),
(29, 'Ordered'),
(30, 'DishFinished'),
(31, 'OrderComplete'),
(32, 'Complication'),
(33, 'Ordered'),
(34, 'DishFinished'),
(35, 'OrderComplete'),
(36, 'Complication'),
(37, 'Ordered'),
(38, 'DishFinished'),
(39, 'OrderComplete'),
(40, 'Complication');

-- 7. Dishes (10 menu items)
INSERT INTO Dishes (DishName, DishDescription, Price) VALUES
('Margherita Pizza', 'Classic pizza with tomato, mozzarella, and basil.', 8.99),
('Caesar Salad', 'Romaine lettuce, croutons, parmesan, Caesar dressing.', 6.50),
('Grilled Salmon', 'Fresh salmon fillet with lemon butter sauce.', 15.75),
('Spaghetti Carbonara', 'Pasta with eggs, cheese, pancetta, and pepper.', 12.00),
('Chocolate Cake', 'Rich chocolate cake with ganache.', 5.25),
('Beef Burger', 'Juicy beef patty with lettuce, tomato, and cheese.', 10.50),
('Chicken Curry', 'Spicy chicken curry with rice.', 11.20),
('Vegetable Stir-Fry', 'Seasonal vegetables with soy sauce.', 9.00),
('Tiramisu', 'Coffee-flavored Italian dessert.', 6.75),
('Lemonade', 'Freshly squeezed lemon juice drink.', 3.50);

-- 8. OrderedDishes (random)
INSERT INTO OrderedDishes (OrderedDish, Orderer, Amount) VALUES
(1, 1, 2),
(2, 1, 1),
(3, 2, 1),
(4, 3, 2),
(5, 4, 3),
(1, 5, 1),
(6, 6, 2),
(7, 7, 1),
(8, 8, 3),
(9, 9, 2),
(10, 10, 4),
(1, 11, 1),
(2, 12, 2),
(3, 13, 1),
(4, 14, 3),
(5, 15, 2),
(6, 16, 1),
(7, 17, 2),
(8, 18, 2),
(9, 19, 1),
(10, 20, 3),
(1, 21, 2),
(2, 22, 1),
(3, 23, 2),
(4, 24, 1),
(5, 25, 3),
(6, 26, 2),
(7, 27, 1),
(8, 28, 3),
(9, 29, 2),
(10, 30, 4),
(1, 31, 2),
(2, 32, 1),
(3, 33, 1),
(4, 34, 2),
(5, 35, 1),
(6, 36, 3),
(7, 37, 2),
(8, 38, 1),
(9, 39, 2),
(10, 40, 1);